Level;Object;constraint_string;op_type;dictionary;data_object;template;left_op;right_op;support;nat_lang_template;label_based_generality;object_based_generality;name_based_generality;individual_relevance_scores;semantic_based_relevance;fitted_obs_id;relevance_score;log_label_left;log_label_right
Object;approval process;Existence1[update] | |;Unary;set();set();Existence;update;;159;{1} occurs at least {n} times;0.8397960759041359;0.882853113542151;0.0;{'approval process': 0.5653075575828552};0.5653075575828552;e48af731-b329-4341-931a-e46122e31be7_Object_approval process;0.5184073287779314;[];[]
Object;approval process;Exactly1[update] | |;Unary;set();set();Exactly;update;;152;{1} occurs exactly {n} times;0.8462544244666532;0.873846815144897;0.0;{'approval process': 0.5653075575828552};0.5653075575828552;3c266ad0-8196-44ff-90c1-cd21fccb4bff_Object_approval process;0.5179833433145759;[];[]
Object;activity logged task;Existence1[create] | |;Unary;set();set();Existence;create;;1651;{1} occurs at least {n} times;0.8523624191930707;0.8642438912270619;0.0;{'activity logged task': 0.5284497141838074};0.5284497141838074;191f146a-27c0-4b4c-907a-9393b51d45b4_Object_activity logged task;0.5756047427654266;[];[]
Object;activity logged task discovery qualification;Existence1[create] | |;Unary;set();set();Existence;create;;1651;{1} occurs at least {n} times;0.8523624191930707;0.8642438912270619;0.0;{'activity logged task discovery qualification': 0.5172278881072998};0.5172278881072998;191f146a-27c0-4b4c-907a-9393b51d45b4_Object_activity logged task discovery qualification;0.5655050992965698;[];[]
Object;activity logged task web;Existence1[create] | |;Unary;set();set();Existence;create;;1651;{1} occurs at least {n} times;0.8523624191930707;0.8642438912270619;0.0;{'activity logged task web': 0.5194416642189026};0.5194416642189026;191f146a-27c0-4b4c-907a-9393b51d45b4_Object_activity logged task web;0.5674974977970123;[];[]
Object;activity logged task questionnaire;Existence1[create] | |;Unary;set();set();Existence;create;;1651;{1} occurs at least {n} times;0.8523624191930707;0.8642438912270619;0.0;{'activity logged task questionnaire': 0.5497409701347351};0.5497409701347351;191f146a-27c0-4b4c-907a-9393b51d45b4_Object_activity logged task questionnaire;0.5947668731212616;[];[]
Object;activity logged task;Exactly1[create] | |;Unary;set();set();Exactly;create;;1642;{1} occurs exactly {n} times;0.8501715713452549;0.868496878838999;0.0;{'activity logged task': 0.5284497141838074};0.5284497141838074;77dac1a4-28bf-4ec0-bfc5-e7aa3912baeb_Object_activity logged task;0.5750596185982552;[];[]
Object;activity logged task discovery qualification;Exactly1[create] | |;Unary;set();set();Exactly;create;;1642;{1} occurs exactly {n} times;0.8501715713452549;0.868496878838999;0.0;{'activity logged task discovery qualification': 0.5172278881072998};0.5172278881072998;77dac1a4-28bf-4ec0-bfc5-e7aa3912baeb_Object_activity logged task discovery qualification;0.5649599751293984;[];[]
Object;activity logged task web;Exactly1[create] | |;Unary;set();set();Exactly;create;;1642;{1} occurs exactly {n} times;0.8501715713452549;0.868496878838999;0.0;{'activity logged task web': 0.5194416642189026};0.5194416642189026;77dac1a4-28bf-4ec0-bfc5-e7aa3912baeb_Object_activity logged task web;0.5669523736298409;[];[]
Object;activity logged task questionnaire;Exactly1[create] | |;Unary;set();set();Exactly;create;;1642;{1} occurs exactly {n} times;0.8501715713452549;0.868496878838999;0.0;{'activity logged task questionnaire': 0.5497409701347351};0.5497409701347351;77dac1a4-28bf-4ec0-bfc5-e7aa3912baeb_Object_activity logged task questionnaire;0.5942217489540902;[];[]
Object;lead;Exactly1[approve] | |;Unary;set();set();Exactly;approve;;37;{1} occurs exactly {n} times;0.7979643665207121;0.8377940036251508;0.0;{'lead': 0.5991355776786804};0.5991355776786804;53bd6898-5aee-4700-8d2e-0d2123f323cc_Object_lead;0.541463085931406;[];[]
Object;activity;Existence1[create] | |;Unary;set();set();Existence;create;;1651;{1} occurs at least {n} times;0.8536416223967647;0.8661583574377913;0.0;{'activity': 0.6948594450950623};0.6948594450950623;98a2cc2b-929c-44b8-affe-dd3fdd9a7c07_Object_activity;0.725373500585556;[];[]
Object;activity;Exactly1[create] | |;Unary;set();set();Exactly;create;;1642;{1} occurs exactly {n} times;0.8517583536752555;0.8641914298223079;0.0;{'activity': 0.6948594450950623};0.6948594450950623;87dcf3e4-5053-43db-9d94-ec184fcd3eb5_Object_activity;0.7248283764183846;[];[]
Object;approval process;Exactly1[set] | |;Unary;set();set();Exactly;set;;142;{1} occurs exactly {n} times;0.8519861294199873;0.8778602452526253;0.0;{'approval process': 0.7352892756462097};0.7352892756462097;414b3b5e-0bda-4b3e-81f7-922764b55a67_Object_approval process;0.6703611960525155;[];[]
Object;approval process;Existence1[set] | |;Unary;set();set();Existence;set;;156;{1} occurs at least {n} times;0.8598269990297717;0.8748350667903315;0.0;{'approval process': 0.7352892756462097};0.7352892756462097;43c244a5-c394-4c29-980b-e1e7eed41afd_Object_approval process;0.6712091669792266;[];[]
Object;approval process;Existence1[create] | |;Unary;set();set();Existence;create;;1651;{1} occurs at least {n} times;0.8523403070642497;0.8668787350924767;0.0;{'approval process': 0.7352892756462097};0.7352892756462097;19aa7727-863c-492f-bed4-b59770b69669_Object_approval process;0.7617603480815888;[];[]
Object;approval process;Exactly1[create] | |;Unary;set();set();Exactly;create;;1642;{1} occurs exactly {n} times;0.8522534114084646;0.8688606149415949;0.0;{'approval process': 0.7352892756462097};0.7352892756462097;e45cf6fb-0969-4e31-88a0-d1fa4e27f227_Object_approval process;0.7612152239144173;[];[]
Object;approval process;Exactly1[close] | |;Unary;set();set();Exactly;close;;41;{1} occurs exactly {n} times;0.8290814180556157;0.8623420559785258;0.0;{'approval process': 0.5609226226806641};0.5609226226806641;8bdf2a8d-0629-4d01-9cd0-b442c754b463_Object_approval process;0.507313703840823;[];[]
Object;approval process;Exactly1[set] | |;Unary;set();set();Exactly;set;;76;{1} occurs exactly {n} times;0.8427516434847221;0.8730592791724234;0.0;{'approval process': 0.628716230392456};0.628716230392456;bbe73385-fbd2-48ec-8feb-23bc83f9bafa_Object_approval process;0.5704478780982135;[];[]
Object;status;Exactly1[train] | |;Unary;set();set();Exactly;train;;487;{1} occurs exactly {n} times;0.8556257798975861;0.8638660689448827;0.0;{'status': 0.6281944513320923};0.6281944513320923;1a370986-d73e-4c35-beba-e2b633966d81_Object_status;0.5948722805780472;[];[]
Object;status;Existence1[train] | |;Unary;set();set();Existence;train;;513;{1} occurs at least {n} times;0.855938256010688;0.870016764030376;0.0;{'status': 0.6281944513320923};0.6281944513320923;37d2767d-43ae-4892-8c96-15d6d11e3a60_Object_status;0.5964470837276534;[];[]
Object;opportunity account;Exactly1[train] | |;Unary;set();set();Exactly;train;;487;{1} occurs exactly {n} times;0.8537928703081465;0.8633159631602755;0.0;{'opportunity account': 0.556143045425415};0.556143045425415;500aac13-bfd3-4e6d-867e-e94d8b74653f_Object_opportunity account;0.5300260152620377;[];[]
Object;opportunity account;Existence1[train] | |;Unary;set();set();Existence;train;;513;{1} occurs at least {n} times;0.8547059434656977;0.8648936336660867;0.0;{'opportunity account': 0.556143045425415};0.556143045425415;634b1b47-686a-4fe7-8f53-2dba5257274c_Object_opportunity account;0.531600818411644;[];[]
Object;customer contact role added contract;Exactly1[train] | |;Unary;set();set();Exactly;train;;487;{1} occurs exactly {n} times;0.8567423455399392;0.8642043478812061;0.0;{'customer contact role added contract': 0.534748375415802};0.534748375415802;99c01fe4-08ea-4f6f-bd5d-046f669b01b9_Object_customer contact role added contract;0.5107708122533859;[];[]
Object;customer contact role added contract;Existence1[train] | |;Unary;set();set();Existence;train;;513;{1} occurs at least {n} times;0.8552305499822689;0.8674407411347241;0.0;{'customer contact role added contract': 0.534748375415802};0.534748375415802;4301337f-83d6-4ef8-985a-a63a9d4b1c17_Object_customer contact role added contract;0.5123456154029923;[];[]
Object;customer contact role added contract;Existence1[create] | |;Unary;set();set();Existence;create;;1651;{1} occurs at least {n} times;0.8518949879883975;0.8631400024247071;0.0;{'customer contact role added contract': 0.5338097214698792};0.5338097214698792;a656c068-7f36-4ed9-aaca-84896115029e_Object_customer contact role added contract;0.5804287493228912;[];[]
Object;customer contact role added contract;Exactly1[create] | |;Unary;set();set();Exactly;create;;1642;{1} occurs exactly {n} times;0.8527533957137228;0.8661517747071386;0.0;{'customer contact role added contract': 0.5338097214698792};0.5338097214698792;ec02f0b7-4a1a-46fd-a9a6-8c516b42859d_Object_customer contact role added contract;0.5798836251557198;[];[]
Object;opportunity account;Existence1[create] | |;Unary;set();set();Existence;create;;1651;{1} occurs at least {n} times;0.8511708331149113;0.8668362232961201;0.0;{'opportunity account': 0.556143045425415};0.556143045425415;dfe26179-3596-4770-9338-22f942867dd7_Object_opportunity account;0.6005287408828736;[];[]
Object;opportunity account;Exactly1[create] | |;Unary;set();set();Exactly;create;;1642;{1} occurs exactly {n} times;0.8509575478647924;0.86615275550599;0.0;{'opportunity account': 0.556143045425415};0.556143045425415;44c3d417-ef5f-4eff-b9b2-b848f4d102ed_Object_opportunity account;0.5999836167157021;[];[]
Object;partner;Existence1[create] | |;Unary;set();set();Existence;create;;1651;{1} occurs at least {n} times;0.8542073437277001;0.8640358943239389;0.0;{'partner': 0.7199248671531677};0.7199248671531677;fdabea09-9d62-46e1-a772-56ca5f04d597_Object_partner;0.7479323804378509;[];[]
Object;team member;Existence1[create] | |;Unary;set();set();Existence;create;;1651;{1} occurs at least {n} times;0.8542073437277001;0.8640358943239389;0.0;{'team member': 0.5679708123207092};0.5679708123207092;fdabea09-9d62-46e1-a772-56ca5f04d597_Object_team member;0.6111737310886383;[];[]
Object;partner;Exactly1[create] | |;Unary;set();set();Exactly;create;;1642;{1} occurs exactly {n} times;0.8524248108075474;0.8669249268308036;0.0;{'partner': 0.7199248671531677};0.7199248671531677;a3497d0d-bbc9-4a6e-b660-95d3e95ca996_Object_partner;0.7473872562706795;[];[]
Object;team member;Exactly1[create] | |;Unary;set();set();Exactly;create;;1642;{1} occurs exactly {n} times;0.8524248108075474;0.8669249268308036;0.0;{'team member': 0.5679708123207092};0.5679708123207092;a3497d0d-bbc9-4a6e-b660-95d3e95ca996_Object_team member;0.6106286069214668;[];[]
Object;customer contact role;Exactly1[train] | |;Unary;set();set();Exactly;train;;487;{1} occurs exactly {n} times;0.8577202379322186;0.864490460680967;0.0;{'customer contact role': 0.599428653717041};0.599428653717041;5fffe0dd-bf75-448d-b3ef-41f271f7eee7_Object_customer contact role;0.568983062724501;[];[]
Object;customer contact role;Existence1[train] | |;Unary;set();set();Existence;train;;513;{1} occurs at least {n} times;0.854138276418305;0.8665569246504915;0.0;{'customer contact role': 0.599428653717041};0.599428653717041;2c100572-e00d-4461-9cd4-99a0fe227abb_Object_customer contact role;0.5705578658741073;[];[]
Object;activity logged task;Exactly1[set] | |;Unary;set();set();Exactly;set;;76;{1} occurs exactly {n} times;0.8308738912724289;0.8839839016243292;0.0;{'activity logged task': 0.5570749044418335};0.5570749044418335;09e5a21b-8733-451d-8658-ebfac520d9a9_Object_activity logged task;0.5059706847426532;[];[]
Object;activity;Exactly1[set] | |;Unary;set();set();Exactly;set;;76;{1} occurs exactly {n} times;0.8308738912724289;0.8839839016243292;0.0;{'activity': 0.5555094480514526};0.5555094480514526;09e5a21b-8733-451d-8658-ebfac520d9a9_Object_activity;0.5045617739913104;[];[]
Object;status;Existence1[create] | |;Unary;set();set();Existence;create;;1651;{1} occurs at least {n} times;0.8526471202280315;0.8647505679979962;0.0;{'status': 0.5175477266311646};0.5175477266311646;47d843ba-6eb8-4c6d-92ea-c1b3300f3176_Object_status;0.5657929539680481;[];[]
Object;status;Exactly1[create] | |;Unary;set();set();Exactly;create;;1642;{1} occurs exactly {n} times;0.8526790773506512;0.8668653039905747;0.0;{'status': 0.5175477266311646};0.5175477266311646;ccf12665-752e-470b-8533-be83e618ab06_Object_status;0.5652478298008766;[];[]
Object;activity;Exactly1[set] | |;Unary;set();set();Exactly;set;;86;{1} occurs exactly {n} times;0.8640885025597435;0.8648574158532147;0.0;{'activity': 0.6872400045394897};0.6872400045394897;e1a4d952-ff04-495e-9c71-7875f86d8227_Object_activity;0.6237249683496231;[];[]
Object;activity;Existence1[set] | |;Unary;set();set();Existence;set;;91;{1} occurs at least {n} times;0.8571983386647357;0.8663708425567588;0.0;{'activity': 0.6872400045394897};0.6872400045394897;d64daebc-d009-4c87-a8ff-5d652b611795_Object_activity;0.6240278151091628;[];[]
Object;activity;Exactly1[remove] | |;Unary;set();set();Exactly;remove;;36;{1} occurs exactly {n} times;0.8408669536408293;0.8563713686667046;0.0;{'activity': 0.6062692999839783};0.6062692999839783;ad4e409f-f865-4b48-95b7-8b09e27b0afd_Object_activity;0.5478228666542662;[];[]
Object;status;Existence1[update] | |;Unary;set();set();Existence;update;;159;{1} occurs at least {n} times;0.844675468563605;0.8779790283509389;0.0;{'status': 0.5549066066741943};0.5549066066741943;11a3d11e-243d-4a50-8a9b-f61b3c389dea_Object_status;0.5090464729601365;[];[]
Object;email;Exactly1[demo] | |;Unary;set();set();Exactly;demo;;12;{1} occurs exactly {n} times;0.7690968770553203;0.8243582611661867;0.0;{'email': 0.6176485419273376};0.6176485419273376;2ef08154-5d61-441c-9d4b-73e2c0c0fc36_Object_email;0.5566105199574992;[];[]
Object;partner;Exactly1[lead] | |;Unary;set();set();Exactly;lead;;7;{1} occurs exactly {n} times;0.5629154286413853;0.7798709071622315;0.0;{'partner': 0.5817162394523621};0.5817162394523621;aba796b1-8ddf-43f7-82b6-352fc487bc03_Object_partner;0.5239686009704814;[];[]
Object;opportunity account;Existence1[update] | |;Unary;set();set();Existence;update;;159;{1} occurs at least {n} times;0.8444903817525226;0.8747153578720182;0.0;{'opportunity account': 0.5655301809310913};0.5655301809310913;5a0e49cd-d901-4a5a-9b3a-064272dd7694_Object_opportunity account;0.5186076897913439;[];[]
Object;opportunity account;Exactly1[update] | |;Unary;set();set();Exactly;update;;152;{1} occurs exactly {n} times;0.8492535394267124;0.8658972690303572;0.0;{'opportunity account': 0.5655301809310913};0.5655301809310913;af07a842-b7e5-4c29-bb07-0f6020f1913c_Object_opportunity account;0.5181837043279883;[];[]
Object;approval process;Exactly1[call] | |;Unary;set();set();Exactly;call;;11;{1} occurs exactly {n} times;0.8829977671660127;0.8306915504303539;0.0;{'approval process': 0.6238682270050049};0.6238682270050049;e20a79a9-62f0-41f9-a76d-2494cc88e0cc_Object_approval process;0.5621476671754917;[];[]
Object;customer contact role added contract;Exactly1[assign] | |;Unary;set();set();Exactly;assign;;164;{1} occurs exactly {n} times;0.8494170335038813;0.8769835609610526;0.0;{'customer contact role added contract': 0.6436355113983154};0.6436355113983154;1a1e2b35-4b60-4f2d-b8e9-63ab010b7e55_Object_customer contact role added contract;0.5892053339713852;[];[]
Object;partner;Exactly1[assign] | |;Unary;set();set();Exactly;assign;;164;{1} occurs exactly {n} times;0.8494170335038813;0.8769835609610526;0.0;{'partner': 0.6583747863769531};0.6583747863769531;1a1e2b35-4b60-4f2d-b8e9-63ab010b7e55_Object_partner;0.6024706814521591;[];[]
Object;opportunity;Exactly1[create] | |;Unary;set();set();Exactly;create;;1642;{1} occurs exactly {n} times;0.8507412612040804;0.8668714941946074;0.0;{'opportunity': 1.0};1.0;8e2dc658-ffb9-4355-a17c-c72c8b51c61d_Object_opportunity;0.9994548758328285;[];[]
Object;opportunity industry;Exactly1[create] | |;Unary;set();set();Exactly;create;;1642;{1} occurs exactly {n} times;0.8507412612040804;0.8668714941946074;0.0;{'opportunity industry': 0.798933744430542};0.798933744430542;8e2dc658-ffb9-4355-a17c-c72c8b51c61d_Object_opportunity industry;0.8184952458203163;[];[]
Object;opportunity next step;Exactly1[create] | |;Unary;set();set();Exactly;create;;1642;{1} occurs exactly {n} times;0.8507412612040804;0.8668714941946074;0.0;{'opportunity next step': 0.6664014458656311};0.6664014458656311;8e2dc658-ffb9-4355-a17c-c72c8b51c61d_Object_opportunity next step;0.6992161771118965;[];[]
Object;opportunity amount;Exactly1[create] | |;Unary;set();set();Exactly;create;;1642;{1} occurs exactly {n} times;0.8507412612040804;0.8668714941946074;0.0;{'opportunity amount': 0.7280932068824768};0.7280932068824768;8e2dc658-ffb9-4355-a17c-c72c8b51c61d_Object_opportunity amount;0.7547387620270577;[];[]
Object;opportunity stage;Exactly1[create] | |;Unary;set();set();Exactly;create;;1642;{1} occurs exactly {n} times;0.8507412612040804;0.8668714941946074;0.0;{'opportunity stage': 0.7367780208587646};0.7367780208587646;8e2dc658-ffb9-4355-a17c-c72c8b51c61d_Object_opportunity stage;0.7625550946057167;[];[]
Object;opportunity owner;Exactly1[create] | |;Unary;set();set();Exactly;create;;1642;{1} occurs exactly {n} times;0.8507412612040804;0.8668714941946074;0.0;{'opportunity owner': 0.6668596863746643};0.6668596863746643;8e2dc658-ffb9-4355-a17c-c72c8b51c61d_Object_opportunity owner;0.6996285935700264;[];[]
Object;opportunity record type;Exactly1[create] | |;Unary;set();set();Exactly;create;;1642;{1} occurs exactly {n} times;0.8507412612040804;0.8668714941946074;0.0;{'opportunity record type': 0.5208253860473633};0.5208253860473633;8e2dc658-ffb9-4355-a17c-c72c8b51c61d_Object_opportunity record type;0.5681977232754555;[];[]
Object;opportunity lead source;Exactly1[create] | |;Unary;set();set();Exactly;create;;1642;{1} occurs exactly {n} times;0.8507412612040804;0.8668714941946074;0.0;{'opportunity lead source': 0.539583146572113};0.539583146572113;8e2dc658-ffb9-4355-a17c-c72c8b51c61d_Object_opportunity lead source;0.5850797077477303;[];[]
Object;opportunity;Existence1[create] | |;Unary;set();set();Existence;create;;1651;{1} occurs at least {n} times;0.851044326829379;0.8619471905777474;0.0;{'opportunity': 1.0};1.0;1c188bf7-d069-4d04-847f-92d516903ba3_Object_opportunity;1.0;[];[]
Object;opportunity industry;Existence1[create] | |;Unary;set();set();Existence;create;;1651;{1} occurs at least {n} times;0.851044326829379;0.8619471905777474;0.0;{'opportunity industry': 0.798933744430542};0.798933744430542;1c188bf7-d069-4d04-847f-92d516903ba3_Object_opportunity industry;0.8190403699874877;[];[]
Object;opportunity next step;Existence1[create] | |;Unary;set();set();Existence;create;;1651;{1} occurs at least {n} times;0.851044326829379;0.8619471905777474;0.0;{'opportunity next step': 0.6664014458656311};0.6664014458656311;1c188bf7-d069-4d04-847f-92d516903ba3_Object_opportunity next step;0.699761301279068;[];[]
Object;opportunity amount;Existence1[create] | |;Unary;set();set();Existence;create;;1651;{1} occurs at least {n} times;0.851044326829379;0.8619471905777474;0.0;{'opportunity amount': 0.7280932068824768};0.7280932068824768;1c188bf7-d069-4d04-847f-92d516903ba3_Object_opportunity amount;0.7552838861942291;[];[]
Object;opportunity stage;Existence1[create] | |;Unary;set();set();Existence;create;;1651;{1} occurs at least {n} times;0.851044326829379;0.8619471905777474;0.0;{'opportunity stage': 0.7367780208587646};0.7367780208587646;1c188bf7-d069-4d04-847f-92d516903ba3_Object_opportunity stage;0.7631002187728881;[];[]
Object;opportunity owner;Existence1[create] | |;Unary;set();set();Existence;create;;1651;{1} occurs at least {n} times;0.851044326829379;0.8619471905777474;0.0;{'opportunity owner': 0.6668596863746643};0.6668596863746643;1c188bf7-d069-4d04-847f-92d516903ba3_Object_opportunity owner;0.7001737177371978;[];[]
Object;opportunity record type;Existence1[create] | |;Unary;set();set();Existence;create;;1651;{1} occurs at least {n} times;0.851044326829379;0.8619471905777474;0.0;{'opportunity record type': 0.5208253860473633};0.5208253860473633;1c188bf7-d069-4d04-847f-92d516903ba3_Object_opportunity record type;0.5687428474426269;[];[]
Object;opportunity lead source;Existence1[create] | |;Unary;set();set();Existence;create;;1651;{1} occurs at least {n} times;0.851044326829379;0.8619471905777474;0.0;{'opportunity lead source': 0.539583146572113};0.539583146572113;1c188bf7-d069-4d04-847f-92d516903ba3_Object_opportunity lead source;0.5856248319149018;[];[]
Object;team member;Exactly1[assign] | |;Unary;set();set();Exactly;assign;;164;{1} occurs exactly {n} times;0.8518290931874781;0.8792764957729118;0.0;{'team member': 0.9999999403953552};0.9999999403953552;0682e61d-0d2a-4c14-a29f-75dfe6d24db1_Object_team member;0.909933320068721;[];[]
Object;status updated;Exactly1[set] | |;Unary;set();set();Exactly;set;;67;{1} occurs exactly {n} times;0.8686072398666158;0.8991474696276993;0.0;{'status updated': 0.6928205490112305};0.6928205490112305;c7fcf137-4be7-4232-a839-e157b1d55943_Object_status updated;0.6275966406879391;[];[]
Object;status;Exactly1[set] | |;Unary;set();set();Exactly;set;;67;{1} occurs exactly {n} times;0.8686072398666158;0.8991474696276993;0.0;{'status': 0.7413493990898132};0.7413493990898132;c7fcf137-4be7-4232-a839-e157b1d55943_Object_status;0.6712726057586635;[];[]
Object;status updated;Exactly1[set] | |;Unary;{'69c0664e3c144e23b695c5051c8ebf4a'};set();Exactly;set;;142;{1} occurs exactly {n} times;0.851110429783903;0.8819944903687369;0.0;{'status updated': 0.8135882616043091};0.8135882616043091;9e42d547-1be0-4d1f-8bf8-90a0a9cbb50f_Object_status updated;0.740830283414805;[];[]
Object;status updated;Existence1[set] | |;Unary;{'69c0664e3c144e23b695c5051c8ebf4a'};set();Existence;set;;156;{1} occurs at least {n} times;0.8569244187023393;0.8786297172407224;0.0;{'status updated': 0.8135882616043091};0.8135882616043091;a03555e4-b680-4f32-9928-dc3258d7063e_Object_status updated;0.741678254341516;[];[]
Object;bad data;Exactly1[create] | |;Unary;{'b0fc85bb87d047f1b004e559961e05c0'};set();Exactly;create;;41;{1} occurs exactly {n} times;0.8196518697548438;0.8823857929715148;0.0;{'bad data': 0.6957179307937622};0.6957179307937622;e70f17d1-dd59-453a-9b0d-e32ed11de7c3_Object_bad data;0.6286294811426113;[];[]
Object;bad data;Exactly1[train] | |;Unary;{'096f604858f14f64b8d3e1d834e17616'};set();Exactly;train;;487;{1} occurs exactly {n} times;0.8522532303703998;0.8624739784145528;0.0;{'bad data': 0.619026243686676};0.619026243686676;91933f6d-3e13-4e68-b247-83dfdd3f1e60_Object_bad data;0.5866208936971726;[];[]
Object;bad data;Existence1[train] | |;Unary;{'096f604858f14f64b8d3e1d834e17616'};set();Existence;train;;513;{1} occurs at least {n} times;0.8561633893012944;0.8602244492305451;0.0;{'bad data': 0.619026243686676};0.619026243686676;c717c782-5a22-473e-9247-af03c8709ba3_Object_bad data;0.5881956968467789;[];[]
Object;activity logged;Exactly1[create] | |;Unary;{'9bd3f46393844df8bdfaa38a930c1761'};set();Exactly;create;;41;{1} occurs exactly {n} times;0.8293123478997507;0.8663531088569476;0.0;{'activity logged': 0.6232227683067322};0.6232227683067322;c8e1130d-7dcf-485f-9987-7003d058129d_Object_activity logged;0.5633838349042843;[];[]
Object;activity logged task;Exactly1[create] | |;Unary;{'9bd3f46393844df8bdfaa38a930c1761'};set();Exactly;create;;41;{1} occurs exactly {n} times;0.8293123478997507;0.8663531088569476;0.0;{'activity logged task': 0.5766957998275757};0.5766957998275757;c8e1130d-7dcf-485f-9987-7003d058129d_Object_activity logged task;0.5215095632730434;[];[]
Object;activity;Exactly1[create] | |;Unary;{'9bd3f46393844df8bdfaa38a930c1761'};set();Exactly;create;;41;{1} occurs exactly {n} times;0.8293123478997507;0.8663531088569476;0.0;{'activity': 0.8026604652404785};0.8026604652404785;c8e1130d-7dcf-485f-9987-7003d058129d_Object_activity;0.724877762144656;[];[]
Object;activity logged task demo;Exactly1[create] | |;Unary;{'9bd3f46393844df8bdfaa38a930c1761'};set();Exactly;create;;41;{1} occurs exactly {n} times;0.8293123478997507;0.8663531088569476;0.0;{'activity logged task demo': 0.5791355967521667};0.5791355967521667;c8e1130d-7dcf-485f-9987-7003d058129d_Object_activity logged task demo;0.5237053805051755;[];[]
Object;approval process;Exactly1[train] | |;Unary;{'5b6e8670180c40fdbe9028c5ea4d304b'};set();Exactly;train;;487;{1} occurs exactly {n} times;0.8556779006047641;0.8621862067314385;0.0;{'approval process': 0.8431541919708252};0.8431541919708252;1ed54404-2707-4d4a-9acc-1d8b57169b43_Object_approval process;0.7883360471529068;[];[]
Object;approval process;Existence1[train] | |;Unary;{'5b6e8670180c40fdbe9028c5ea4d304b'};set();Existence;train;;513;{1} occurs at least {n} times;0.8562500276574609;0.8647839525859854;0.0;{'approval process': 0.8431541919708252};0.8431541919708252;568a2087-67a3-4466-9b05-9da2ad68fdb4_Object_approval process;0.7899108503025131;[];[]
Object;status updated;Exactly1[send] | |;Unary;{'94496f79ccf44bda96996e8d978bd885'};set();Exactly;send;;68;{1} occurs exactly {n} times;0.8222601042665734;0.8597270127468216;0.0;{'status updated': 0.612339437007904};0.612339437007904;d0f34c50-004b-4a50-8295-d441b620d542_Object_status updated;0.5552242092368532;[];[]
Object;activity;Exactly1[decision] | |;Unary;{'6df954f8e5a34a2aa7abf7fee40b3ce2'};set();Exactly;decision;;12;{1} occurs exactly {n} times;0.8603584805048061;0.8788117513082744;0.0;{'activity': 0.5866495966911316};0.5866495966911316;57fae1bf-1232-48ff-8098-3f7c8a62b37a_Object_activity;0.5287114692449137;[];[]
Object;email;Exactly1[send] | |;Unary;{'37167a64a7034599b6991648b207a46f'};set();Exactly;send;;68;{1} occurs exactly {n} times;0.8311253234127773;0.8719509596149453;0.0;{'email': 0.6626164317131042};0.6626164317131042;716ec04a-b296-4fac-af81-fd8940ffce1f_Object_email;0.6004735044715334;[];[]
Object;partner;Exclusive Choice[create, request] | | |;Binary;{'d0956589faf341dcb0edfd6adb6004c3', '36540d99cf5b4bbea96a25ec875162fe'};set();Exclusive Choice;create;request;4;{1} or {2} occurs, but never both in the same process instance;0.7030648797750473;0.7926818729777421;0.0;{'partner': 0.8271651268005371};0.8271651268005371;d29be603-4cc0-4083-8d8c-ff8ac1e91e2d_Object_partner;0.7446908915281152;[];[]
Object;partner;Exactly1[create] | |;Unary;{'36540d99cf5b4bbea96a25ec875162fe'};set();Exactly;create;;41;{1} occurs exactly {n} times;0.8167849466199599;0.883040283925723;0.0;{'partner': 0.8271651268005371};0.8271651268005371;fa4239fc-57ac-49fc-bb0a-6539be26d5a0_Object_partner;0.7469319575487088;[];[]
Object;activity logged task;Exactly1[set] | |;Unary;{'d6bb5687463f40389788e836b7e6d32e'};set();Exactly;set;;67;{1} occurs exactly {n} times;0.8744117248738321;0.9045362785842418;0.0;{'activity logged task': 0.5622063279151917};0.5622063279151917;78c2efbd-5c48-4d3d-b07a-5af7c0b89ad9_Object_activity logged task;0.5100438417015042;[];[]
Object;activity;Exactly1[set] | |;Unary;{'d6bb5687463f40389788e836b7e6d32e'};set();Exactly;set;;67;{1} occurs exactly {n} times;0.8744117248738321;0.9045362785842418;0.0;{'activity': 0.6101348400115967};0.6101348400115967;78c2efbd-5c48-4d3d-b07a-5af7c0b89ad9_Object_activity;0.5531795025882686;[];[]
Object;activity logged task questionnaire;Exactly1[set] | |;Unary;{'d6bb5687463f40389788e836b7e6d32e'};set();Exactly;set;;67;{1} occurs exactly {n} times;0.8744117248738321;0.9045362785842418;0.0;{'activity logged task questionnaire': 0.5565252304077148};0.5565252304077148;78c2efbd-5c48-4d3d-b07a-5af7c0b89ad9_Object_activity logged task questionnaire;0.504930853944775;[];[]
Object;lead;Exactly1[create] | |;Unary;set();set();Exactly;create;;1642;{1} occurs exactly {n} times;0.8519406494316623;0.8639820381881851;0.0;{'lead': 1.0000001192092896};1.0000001192092896;01281fad-8a50-44e1-b87b-e73c9dfe7602_Object_lead;0.9994549831211892;[];[]
Object;lead;Existence1[create] | |;Unary;set();set();Existence;create;;1651;{1} occurs at least {n} times;0.8542164893807122;0.8651117826277956;0.0;{'lead': 1.0000001192092896};1.0000001192092896;96bb5e6d-a1d5-4277-84dc-74c7524f2317_Object_lead;1.0000001072883606;[];[]
Object;opportunity;Exactly1[close] | |;Unary;set();set();Exactly;close;;41;{1} occurs exactly {n} times;0.8429197466296345;0.8564828016643615;0.0;{'opportunity': 1.0};1.0;3dfd40c4-4acf-486b-a888-8df09c10b8c1_Object_opportunity;0.9024833434282253;[];[]
Object;opportunity industry;Exactly1[close] | |;Unary;set();set();Exactly;close;;41;{1} occurs exactly {n} times;0.8429197466296345;0.8564828016643615;0.0;{'opportunity industry': 0.798933744430542};0.798933744430542;3dfd40c4-4acf-486b-a888-8df09c10b8c1_Object_opportunity industry;0.7215237134157131;[];[]
Object;opportunity next step;Exactly1[close] | |;Unary;set();set();Exactly;close;;41;{1} occurs exactly {n} times;0.8429197466296345;0.8564828016643615;0.0;{'opportunity next step': 0.6664014458656311};0.6664014458656311;3dfd40c4-4acf-486b-a888-8df09c10b8c1_Object_opportunity next step;0.6022446447072933;[];[]
Object;opportunity amount;Exactly1[close] | |;Unary;set();set();Exactly;close;;41;{1} occurs exactly {n} times;0.8429197466296345;0.8564828016643615;0.0;{'opportunity amount': 0.7280932068824768};0.7280932068824768;3dfd40c4-4acf-486b-a888-8df09c10b8c1_Object_opportunity amount;0.6577672296224545;[];[]
Object;opportunity stage;Exactly1[close] | |;Unary;set();set();Exactly;close;;41;{1} occurs exactly {n} times;0.8429197466296345;0.8564828016643615;0.0;{'opportunity stage': 0.7367780208587646};0.7367780208587646;3dfd40c4-4acf-486b-a888-8df09c10b8c1_Object_opportunity stage;0.6655835622011135;[];[]
Object;opportunity owner;Exactly1[close] | |;Unary;set();set();Exactly;close;;41;{1} occurs exactly {n} times;0.8429197466296345;0.8564828016643615;0.0;{'opportunity owner': 0.6668596863746643};0.6668596863746643;3dfd40c4-4acf-486b-a888-8df09c10b8c1_Object_opportunity owner;0.6026570611654232;[];[]
Object;opportunity account;Exactly1[close] | |;Unary;set();set();Exactly;close;;41;{1} occurs exactly {n} times;0.8429197466296345;0.8564828016643615;0.0;{'opportunity account': 0.6366896033287048};0.6366896033287048;3dfd40c4-4acf-486b-a888-8df09c10b8c1_Object_opportunity account;0.5755039864240596;[];[]
Object;quote;Existence1[create] | |;Unary;set();set();Existence;create;;1651;{1} occurs at least {n} times;0.8526127249046855;0.8676441750551362;0.0;{'quote': 0.7588145136833191};0.7588145136833191;8e976486-4813-4465-8577-c3f3ea82fbb5_Object_quote;0.7829330623149872;[];[]
Object;quote;Exactly1[create] | |;Unary;set();set();Exactly;create;;1642;{1} occurs exactly {n} times;0.8510180470498631;0.8634536649531231;0.0;{'quote': 0.7588145136833191};0.7588145136833191;29e1d99d-026c-475c-87a0-8fad8c8121c2_Object_quote;0.7823879381478157;[];[]
Object;email;Exactly1[assign] | |;Unary;{'7d149ec8948846479ccea7580cd5ac6f'};set();Exactly;assign;;8;{1} occurs exactly {n} times;0.8124625872834726;0.8658810455254842;0.0;{'email': 0.6351466774940491};0.6351466774940491;85d4e54a-c403-4cc8-96e4-8380d0900043_Object_email;0.5721165645599077;[];[]
Object;status;Exactly1[update] | |;Unary;{'02c72b8909f749f398f46904dd3a4afa'};set();Exactly;update;;152;{1} occurs exactly {n} times;0.8484449112461336;0.8796639511386842;0.0;{'status': 0.6309105157852173};0.6309105157852173;e41ca91e-cd53-4a6a-a0d0-280909b6c801_Object_status;0.5770260056967017;[];[]
Object;activity;Exactly1[call] | |;Unary;set();set();Exactly;call;;11;{1} occurs exactly {n} times;0.8219438619822973;0.8185295708477497;0.0;{'activity': 0.91131991147995};0.91131991147995;d5537a2a-ecac-4a98-b570-9037fbbde16c_Object_activity;0.8208541832029422;[];[]
Object;bad data;Exactly1[lead] | |;Unary;{'917935368a1d4d99a8f457f51b4933be'};set();Exactly;lead;;53;{1} occurs exactly {n} times;0.8126198956095088;0.8422308978362463;0.0;{'bad data': 0.5585922002792358};0.5585922002792358;517d4af1-ab4d-47a9-9a64-9ae45e7a3e18_Object_bad data;0.5059431559024329;[];[]
Object;status updated;Exactly1[create] | |;Unary;{'7c049883218a4aff8fccf7e2165ce65c'};set();Exactly;create;;1642;{1} occurs exactly {n} times;0.8531137044362781;0.8688355965811988;0.0;{'status updated': 0.5169180035591125};0.5169180035591125;fffc1a6e-a826-4c26-92ba-91e951036fe8_Object_status updated;0.5646810790360298;[];[]
Object;status updated;Existence1[create] | |;Unary;{'7c049883218a4aff8fccf7e2165ce65c'};set();Existence;create;;1651;{1} occurs at least {n} times;0.8517130402733799;0.8655279463078789;0.0;{'status updated': 0.5169180035591125};0.5169180035591125;a51ae578-e6c7-4ed1-b428-a58de5ae3b40_Object_status updated;0.5652262032032013;[];[]
Object;opportunity account;Exactly1[assign] | |;Unary;set();set();Exactly;assign;;33;{1} occurs exactly {n} times;0.8006385310887942;0.8213133759648862;0.0;{'opportunity account': 0.6749417185783386};0.6749417185783386;d509d7d1-0631-4fb6-9560-531406afa8d6_Object_opportunity account;0.6094463353334667;[];[]
Object;activity logged task;Exactly1[send] | |;Unary;{'527e8b8645d6428b9b5c1ac351fe7264'};set();Exactly;send;;68;{1} occurs exactly {n} times;0.8279169013357851;0.8574682309567977;0.0;{'activity logged task': 0.5622063279151917};0.5622063279151917;afb0b31b-0be9-42d6-8f17-5d5745dc4be0_Object_activity logged task;0.5101044110534121;[];[]
Object;activity;Exactly1[send] | |;Unary;{'527e8b8645d6428b9b5c1ac351fe7264'};set();Exactly;send;;68;{1} occurs exactly {n} times;0.8279169013357851;0.8574682309567977;0.0;{'activity': 0.6101348400115967};0.6101348400115967;afb0b31b-0be9-42d6-8f17-5d5745dc4be0_Object_activity;0.5532400719401765;[];[]
Object;activity logged task questionnaire;Exactly1[send] | |;Unary;{'527e8b8645d6428b9b5c1ac351fe7264'};set();Exactly;send;;68;{1} occurs exactly {n} times;0.8279169013357851;0.8574682309567977;0.0;{'activity logged task questionnaire': 0.5565252304077148};0.5565252304077148;afb0b31b-0be9-42d6-8f17-5d5745dc4be0_Object_activity logged task questionnaire;0.5049914232966829;[];[]
Object;activity logged task demo;Exactly1[create] | |;Unary;{'6ebf798d26c54246bf796d8dae1f8a33'};set();Exactly;create;;1642;{1} occurs exactly {n} times;0.8515398754959952;0.8668820304669971;0.0;{'activity logged task demo': 0.5075465440750122};0.5075465440750122;cd9c92e1-5723-4f64-9ef9-60d7c19c11a4_Object_activity logged task demo;0.5562467655003396;[];[]
Object;activity logged task demo;Existence1[create] | |;Unary;{'6ebf798d26c54246bf796d8dae1f8a33'};set();Existence;create;;1651;{1} occurs at least {n} times;0.854520076725011;0.8655538283152948;0.0;{'activity logged task demo': 0.5075465440750122};0.5075465440750122;c9c0a2df-2b81-4109-a42a-e51d211a76e3_Object_activity logged task demo;0.556791889667511;[];[]
Object;activity logged task social;Existence1[create] | |;Unary;{'43d60fb3aedc446884bae3a958b91b28'};set();Existence;create;;1651;{1} occurs at least {n} times;0.8529524608945673;0.8681164713733347;0.0;{'activity logged task social': 0.5398985743522644};0.5398985743522644;537842ba-b80d-4a2f-a22b-3f1599a2777e_Object_activity logged task social;0.5859087169170379;[];[]
Object;activity logged;Existence1[create] | |;Unary;{'43d60fb3aedc446884bae3a958b91b28'};set();Existence;create;;1651;{1} occurs at least {n} times;0.8529524608945673;0.8681164713733347;0.0;{'activity logged': 0.6423513293266296};0.6423513293266296;537842ba-b80d-4a2f-a22b-3f1599a2777e_Object_activity logged;0.6781161963939667;[];[]
Object;activity logged task social;Exactly1[create] | |;Unary;{'43d60fb3aedc446884bae3a958b91b28'};set();Exactly;create;;1642;{1} occurs exactly {n} times;0.8534464094098201;0.86451267390102;0.0;{'activity logged task social': 0.5398985743522644};0.5398985743522644;5ade222b-0443-4fa3-94e8-a02b5e866fe1_Object_activity logged task social;0.5853635927498665;[];[]
Object;activity logged;Exactly1[create] | |;Unary;{'43d60fb3aedc446884bae3a958b91b28'};set();Exactly;create;;1642;{1} occurs exactly {n} times;0.8534464094098201;0.86451267390102;0.0;{'activity logged': 0.6423513293266296};0.6423513293266296;5ade222b-0443-4fa3-94e8-a02b5e866fe1_Object_activity logged;0.6775710722267952;[];[]
Object;status updated;Exactly1[log] | |;Unary;{'1f1d33b6dde84b8180efb479da1a3a70'};set();Exactly;log;;5;{1} occurs exactly {n} times;0.8301880702243319;0.838693481420965;0.0;{'status updated': 0.7204192280769348};0.7204192280769348;8ee4e707-f410-4527-98df-e8bdf815610b_Object_status updated;0.6486801520287809;[];[]
Object;opportunity account;Exactly1[assign] | |;Unary;{'eafd1ab3a4eb4ee894f961b0d9e98619'};set();Exactly;assign;;164;{1} occurs exactly {n} times;0.8486902948437185;0.8765183409141855;0.0;{'opportunity account': 0.624484658241272};0.624484658241272;20a72752-7148-4ad4-b9f7-b4bf01ffc51f_Object_opportunity account;0.571969566130046;[];[]
Object;opportunity account;Exactly1[close] | |;Unary;set();set();Exactly;close;;418;{1} occurs exactly {n} times;0.8249948894772468;0.8413940142507427;0.0;{'opportunity account': 0.6984776854515076};0.6984776854515076;bff4832d-6277-4c57-b6d0-2b4e3cd9254a_Object_opportunity account;0.6539479060038735;[];[]
Object;bad data;Exactly1[close] | |;Unary;{'1204c29a5e1c4f888fd35f88088ce4d2'};set();Exactly;close;;418;{1} occurs exactly {n} times;0.8231684896520981;0.8455173581098518;0.0;{'bad data': 0.5353792309761047};0.5353792309761047;0eeac744-81ce-4966-911d-05922fbe203e_Object_bad data;0.5071592969760109;[];[]
Object;quote;Exactly1[connect] | |;Unary;{'8cdc1423e20f4e449fc41a42a6f0f9a1'};set();Exactly;connect;;9;{1} occurs exactly {n} times;0.8478167062820076;0.8614204521523788;0.0;{'quote': 0.5787842869758606};0.5787842869758606;5c20043f-137a-4bc1-ab26-b2bfe1597028_Object_quote;0.521450982445446;[];[]
Object;email;Existence1[create] | |;Unary;{'383f087ee35a4e7dabb12d2dfd42d36c'};set();Existence;create;;1651;{1} occurs at least {n} times;0.8520448646387282;0.8684885184145894;0.0;{'email': 0.5894239544868469};0.5894239544868469;6913661b-5271-4eec-b2df-05f53789f0e2_Object_email;0.6304815590381623;[];[]
Object;email;Exactly1[create] | |;Unary;{'383f087ee35a4e7dabb12d2dfd42d36c'};set();Exactly;create;;1642;{1} occurs exactly {n} times;0.8525697808768521;0.8690959516633863;0.0;{'email': 0.5894239544868469};0.5894239544868469;e60988e6-012f-47e1-84eb-c9068e313aeb_Object_email;0.6299364348709908;[];[]
Object;customer contact role;Existence1[create] | |;Unary;{'39b376a02dce4f4fa54294c0c00d30e1'};set();Existence;create;;1651;{1} occurs at least {n} times;0.8518244335841684;0.8671837044351494;0.0;{'customer contact role': 0.5280054807662964};0.5280054807662964;05a038d4-77ac-4f0c-8332-b817b9fe44ac_Object_customer contact role;0.5752049326896667;[];[]
Object;customer contact role;Exactly1[create] | |;Unary;{'39b376a02dce4f4fa54294c0c00d30e1'};set();Exactly;create;;1642;{1} occurs exactly {n} times;0.8509474045156123;0.8655969923886213;0.0;{'customer contact role': 0.5280054807662964};0.5280054807662964;9e379b0e-6757-4743-9e67-c7f1a7d1439a_Object_customer contact role;0.5746598085224953;[];[]
Object;customer contact role;Exactly1[preparation] | |;Unary;{'1354f65c09814688b1275a517c289f60'};set();Exactly;preparation;;9;{1} occurs exactly {n} times;0.7877615349633353;0.8435759361619906;0.0;{'customer contact role': 0.6362950205802917};0.6362950205802917;9e6ef90b-a7f2-49ca-84fe-0b9a24b61f8c_Object_customer contact role;0.573210642689434;[];[]
Object;opportunity account;Exactly1[reject] | |;Unary;{'d844454ce458400fafc6a61bd6d3a410'};set();Exactly;reject;;104;{1} occurs exactly {n} times;0.8449902251010153;0.8590973887153204;0.0;{'opportunity account': 0.575350821018219};0.575350821018219;74f1eb04-8c20-476d-8c8e-017cd8c417fe_Object_opportunity account;0.5241149515148222;[];[]
Object;opportunity account;Exactly1[set] | |;Unary;{'6550c5eb3c1a476c83b02b07c36999b8'};set();Exactly;set;;76;{1} occurs exactly {n} times;0.8294620560597721;0.8926495838397431;0.0;{'opportunity account': 0.624484658241272};0.624484658241272;559997ed-47eb-42a9-9ddd-7d73073467af_Object_opportunity account;0.5666394631621477;[];[]
Object;partner;Succession[create, display] | | |;Binary;set();set();Response;create;display;55;{1} occurs if and only if it is followed by {2};0.8039961811707228;0.8620339695843078;0.0;{'partner': 0.8271651268005371};0.8271651268005371;e6a9c125-2919-4464-b63a-a0a0cf821e54_Object_partner;0.7477799284754199;[];[]
Object;partner;Alternate Succession[create, display] | | |;Binary;set();set();Alternate Response;create;display;54;{1} and {2} occur if and only if the latter follows the former, and they alternate in a process instance;0.7893945112032591;0.861441850180519;0.0;{'partner': 0.8271651268005371};0.8271651268005371;d25064cf-de5e-4adb-a16c-bc1a84c1c295_Object_partner;0.747719359123512;[];[]
Object;opportunity account;Succession[create, display] | | |;Binary;set();set();Response;create;display;55;{1} occurs if and only if it is followed by {2};0.8081540979609103;0.8524500457147666;0.0;{'opportunity account': 0.5655301809310913};0.5655301809310913;77d52ebf-5781-4a37-aba1-b74036717ed7_Object_opportunity account;0.5123084771929186;[];[]
Object;opportunity account;Alternate Succession[create, display] | | |;Binary;set();set();Alternate Response;create;display;54;{1} and {2} occur if and only if the latter follows the former, and they alternate in a process instance;0.8043556732238059;0.8497461661167292;0.0;{'opportunity account': 0.5655301809310913};0.5655301809310913;5eb8d6ca-e0b7-4529-b490-4d992327c12b_Object_opportunity account;0.5122479078410107;[];[]
Object;opportunity account;Co-Existence[create, change] | | |;Binary;set();set();Responded Existence;create;change;38;if {1} occurs, then {2} occurs as well, and vice versa;0.8394764433058178;0.8842638810565662;0.0;{'opportunity account': 0.5655301809310913};0.5655301809310913;a0a267d8-0075-46ac-bd2e-bfc911af430f_Object_opportunity account;0.5112787982104837;[];[]
Object;opportunity account;Succession[create, change] | | |;Binary;set();set();Precedence;create;change;38;{1} occurs if and only if it is followed by {2};0.849958506738618;0.8632200832524256;0.0;{'opportunity account': 0.5655301809310913};0.5655301809310913;10569860-9ba3-45a8-b453-428c9bb14a75_Object_opportunity account;0.5112787982104837;[];[]
Object;opportunity account;Alternate Succession[create, change] | | |;Binary;set();set();Alternate Precedence;create;change;38;{1} and {2} occur if and only if the latter follows the former, and they alternate in a process instance;0.8351716294577166;0.8720690397652998;0.0;{'opportunity account': 0.5655301809310913};0.5655301809310913;5ec68640-ceff-4fcf-8286-add7aa076a5c_Object_opportunity account;0.5112787982104837;[];[]
Object;opportunity account;Succession[create, update] | | |;Binary;set();set();Response;create;update;12;{1} occurs if and only if it is followed by {2};0.8023585065415031;0.8672572718933225;0.0;{'opportunity account': 0.624484658241272};0.624484658241272;ecf59cb4-4c7a-4919-ab65-d6fdef3197d0_Object_opportunity account;0.56276302464004;[];[]
Object;opportunity account;Co-Existence[create, update] | | |;Binary;set();set();Responded Existence;create;update;12;if {1} occurs, then {2} occurs as well, and vice versa;0.8382045382974681;0.8595244238896685;0.0;{'opportunity account': 0.624484658241272};0.624484658241272;b42380f9-97aa-45ca-82e0-8fb226520aa4_Object_opportunity account;0.56276302464004;[];[]
Object;opportunity account;Alternate Succession[create, update] | | |;Binary;set();set();Alternate Response;create;update;12;{1} and {2} occur if and only if the latter follows the former, and they alternate in a process instance;0.8152822533469887;0.840176042500633;0.0;{'opportunity account': 0.624484658241272};0.624484658241272;30ec7a82-8838-41a5-b4df-4ab9945ac98b_Object_opportunity account;0.56276302464004;[];[]
Object;opportunity;Alternate Succession[create, save] | | |;Binary;set();set();Alternate Response;create;save;4;{1} and {2} occur if and only if the latter follows the former, and they alternate in a process instance;0.7253090792468616;0.8233882297873996;0.0;{'opportunity': 1.0};1.0;1bbf5f64-34c8-4709-b10b-afe4c5a57e78_Object_opportunity;0.9002422774076317;[];[]
Object;opportunity industry;Alternate Succession[create, save] | | |;Binary;set();set();Alternate Response;create;save;4;{1} and {2} occur if and only if the latter follows the former, and they alternate in a process instance;0.7253090792468616;0.8233882297873996;0.0;{'opportunity industry': 0.798933744430542};0.798933744430542;1bbf5f64-34c8-4709-b10b-afe4c5a57e78_Object_opportunity industry;0.7192826473951195;[];[]
Object;opportunity next step;Alternate Succession[create, save] | | |;Binary;set();set();Alternate Response;create;save;4;{1} and {2} occur if and only if the latter follows the former, and they alternate in a process instance;0.7253090792468616;0.8233882297873996;0.0;{'opportunity next step': 0.6664014458656311};0.6664014458656311;1bbf5f64-34c8-4709-b10b-afe4c5a57e78_Object_opportunity next step;0.6000035786866997;[];[]
Object;opportunity amount;Alternate Succession[create, save] | | |;Binary;set();set();Alternate Response;create;save;4;{1} and {2} occur if and only if the latter follows the former, and they alternate in a process instance;0.7253090792468616;0.8233882297873996;0.0;{'opportunity amount': 0.7280932068824768};0.7280932068824768;1bbf5f64-34c8-4709-b10b-afe4c5a57e78_Object_opportunity amount;0.6555261636018609;[];[]
Object;opportunity stage;Alternate Succession[create, save] | | |;Binary;set();set();Alternate Response;create;save;4;{1} and {2} occur if and only if the latter follows the former, and they alternate in a process instance;0.7253090792468616;0.8233882297873996;0.0;{'opportunity stage': 0.7367780208587646};0.7367780208587646;1bbf5f64-34c8-4709-b10b-afe4c5a57e78_Object_opportunity stage;0.6633424961805199;[];[]
Object;opportunity owner;Alternate Succession[create, save] | | |;Binary;set();set();Alternate Response;create;save;4;{1} and {2} occur if and only if the latter follows the former, and they alternate in a process instance;0.7253090792468616;0.8233882297873996;0.0;{'opportunity owner': 0.6668596863746643};0.6668596863746643;1bbf5f64-34c8-4709-b10b-afe4c5a57e78_Object_opportunity owner;0.6004159951448296;[];[]
Object;opportunity account;Alternate Succession[create, save] | | |;Binary;set();set();Alternate Response;create;save;4;{1} and {2} occur if and only if the latter follows the former, and they alternate in a process instance;0.7253090792468616;0.8233882297873996;0.0;{'opportunity account': 0.6366896033287048};0.6366896033287048;1bbf5f64-34c8-4709-b10b-afe4c5a57e78_Object_opportunity account;0.573262920403466;[];[]
Object;opportunity;Co-Existence[create, identify] | | |;Binary;set();set();Responded Existence;create;identify;3;if {1} occurs, then {2} occurs as well, and vice versa;0.735630601644516;0.8109766938413183;0.0;{'opportunity': 1.0};1.0;f3fbf0f5-041b-4df5-b795-19d7c2b78a21_Object_opportunity;0.9001817080557238;[];[]
Object;opportunity industry;Co-Existence[create, identify] | | |;Binary;set();set();Responded Existence;create;identify;3;if {1} occurs, then {2} occurs as well, and vice versa;0.735630601644516;0.8109766938413183;0.0;{'opportunity industry': 0.798933744430542};0.798933744430542;f3fbf0f5-041b-4df5-b795-19d7c2b78a21_Object_opportunity industry;0.7192220780432116;[];[]
Object;opportunity next step;Co-Existence[create, identify] | | |;Binary;set();set();Responded Existence;create;identify;3;if {1} occurs, then {2} occurs as well, and vice versa;0.735630601644516;0.8109766938413183;0.0;{'opportunity next step': 0.6664014458656311};0.6664014458656311;f3fbf0f5-041b-4df5-b795-19d7c2b78a21_Object_opportunity next step;0.5999430093347918;[];[]
Object;opportunity amount;Co-Existence[create, identify] | | |;Binary;set();set();Responded Existence;create;identify;3;if {1} occurs, then {2} occurs as well, and vice versa;0.735630601644516;0.8109766938413183;0.0;{'opportunity amount': 0.7280932068824768};0.7280932068824768;f3fbf0f5-041b-4df5-b795-19d7c2b78a21_Object_opportunity amount;0.655465594249953;[];[]
Object;opportunity stage;Co-Existence[create, identify] | | |;Binary;set();set();Responded Existence;create;identify;3;if {1} occurs, then {2} occurs as well, and vice versa;0.735630601644516;0.8109766938413183;0.0;{'opportunity stage': 0.7367780208587646};0.7367780208587646;f3fbf0f5-041b-4df5-b795-19d7c2b78a21_Object_opportunity stage;0.663281926828612;[];[]
Object;opportunity owner;Co-Existence[create, identify] | | |;Binary;set();set();Responded Existence;create;identify;3;if {1} occurs, then {2} occurs as well, and vice versa;0.735630601644516;0.8109766938413183;0.0;{'opportunity owner': 0.6668596863746643};0.6668596863746643;f3fbf0f5-041b-4df5-b795-19d7c2b78a21_Object_opportunity owner;0.6003554257929217;[];[]
Object;opportunity account;Co-Existence[create, identify] | | |;Binary;set();set();Responded Existence;create;identify;3;if {1} occurs, then {2} occurs as well, and vice versa;0.735630601644516;0.8109766938413183;0.0;{'opportunity account': 0.6366896033287048};0.6366896033287048;f3fbf0f5-041b-4df5-b795-19d7c2b78a21_Object_opportunity account;0.5732023510515581;[];[]
Object;opportunity;Alternate Succession[identify, create] | | |;Binary;set();set();Alternate Precedence;identify;create;2;{1} and {2} occur if and only if the latter follows the former, and they alternate in a process instance;0.5780164500077565;0.6563876767953236;0.0;{'opportunity': 1.0};1.0;6aa334ef-68ba-4a84-b915-70755f76e1b7_Object_opportunity;0.9001211387038159;[];[]
Object;opportunity industry;Alternate Succession[identify, create] | | |;Binary;set();set();Alternate Precedence;identify;create;2;{1} and {2} occur if and only if the latter follows the former, and they alternate in a process instance;0.5780164500077565;0.6563876767953236;0.0;{'opportunity industry': 0.798933744430542};0.798933744430542;6aa334ef-68ba-4a84-b915-70755f76e1b7_Object_opportunity industry;0.7191615086913037;[];[]
Object;opportunity next step;Alternate Succession[identify, create] | | |;Binary;set();set();Alternate Precedence;identify;create;2;{1} and {2} occur if and only if the latter follows the former, and they alternate in a process instance;0.5780164500077565;0.6563876767953236;0.0;{'opportunity next step': 0.6664014458656311};0.6664014458656311;6aa334ef-68ba-4a84-b915-70755f76e1b7_Object_opportunity next step;0.5998824399828839;[];[]
Object;opportunity amount;Alternate Succession[identify, create] | | |;Binary;set();set();Alternate Precedence;identify;create;2;{1} and {2} occur if and only if the latter follows the former, and they alternate in a process instance;0.5780164500077565;0.6563876767953236;0.0;{'opportunity amount': 0.7280932068824768};0.7280932068824768;6aa334ef-68ba-4a84-b915-70755f76e1b7_Object_opportunity amount;0.6554050248980451;[];[]
Object;opportunity stage;Alternate Succession[identify, create] | | |;Binary;set();set();Alternate Precedence;identify;create;2;{1} and {2} occur if and only if the latter follows the former, and they alternate in a process instance;0.5780164500077565;0.6563876767953236;0.0;{'opportunity stage': 0.7367780208587646};0.7367780208587646;6aa334ef-68ba-4a84-b915-70755f76e1b7_Object_opportunity stage;0.6632213574767041;[];[]
Object;opportunity owner;Alternate Succession[identify, create] | | |;Binary;set();set();Alternate Precedence;identify;create;2;{1} and {2} occur if and only if the latter follows the former, and they alternate in a process instance;0.5780164500077565;0.6563876767953236;0.0;{'opportunity owner': 0.6668596863746643};0.6668596863746643;6aa334ef-68ba-4a84-b915-70755f76e1b7_Object_opportunity owner;0.6002948564410138;[];[]
Object;opportunity account;Alternate Succession[identify, create] | | |;Binary;set();set();Alternate Precedence;identify;create;2;{1} and {2} occur if and only if the latter follows the former, and they alternate in a process instance;0.5780164500077565;0.6563876767953236;0.0;{'opportunity account': 0.6366896033287048};0.6366896033287048;6aa334ef-68ba-4a84-b915-70755f76e1b7_Object_opportunity account;0.5731417816996502;[];[]
Object;opportunity;Succession[identify, create] | | |;Binary;set();set();Precedence;identify;create;2;{1} occurs if and only if it is followed by {2};0.16170203685760498;0.7198803176482518;0.0;{'opportunity': 1.0};1.0;699e1164-338b-4c36-98dd-b25847ef43d9_Object_opportunity;0.9001211387038159;[];[]
Object;opportunity industry;Succession[identify, create] | | |;Binary;set();set();Precedence;identify;create;2;{1} occurs if and only if it is followed by {2};0.16170203685760498;0.7198803176482518;0.0;{'opportunity industry': 0.798933744430542};0.798933744430542;699e1164-338b-4c36-98dd-b25847ef43d9_Object_opportunity industry;0.7191615086913037;[];[]
Object;opportunity next step;Succession[identify, create] | | |;Binary;set();set();Precedence;identify;create;2;{1} occurs if and only if it is followed by {2};0.16170203685760498;0.7198803176482518;0.0;{'opportunity next step': 0.6664014458656311};0.6664014458656311;699e1164-338b-4c36-98dd-b25847ef43d9_Object_opportunity next step;0.5998824399828839;[];[]
Object;opportunity amount;Succession[identify, create] | | |;Binary;set();set();Precedence;identify;create;2;{1} occurs if and only if it is followed by {2};0.16170203685760498;0.7198803176482518;0.0;{'opportunity amount': 0.7280932068824768};0.7280932068824768;699e1164-338b-4c36-98dd-b25847ef43d9_Object_opportunity amount;0.6554050248980451;[];[]
Object;opportunity stage;Succession[identify, create] | | |;Binary;set();set();Precedence;identify;create;2;{1} occurs if and only if it is followed by {2};0.16170203685760498;0.7198803176482518;0.0;{'opportunity stage': 0.7367780208587646};0.7367780208587646;699e1164-338b-4c36-98dd-b25847ef43d9_Object_opportunity stage;0.6632213574767041;[];[]
Object;opportunity owner;Succession[identify, create] | | |;Binary;set();set();Precedence;identify;create;2;{1} occurs if and only if it is followed by {2};0.16170203685760498;0.7198803176482518;0.0;{'opportunity owner': 0.6668596863746643};0.6668596863746643;699e1164-338b-4c36-98dd-b25847ef43d9_Object_opportunity owner;0.6002948564410138;[];[]
Object;opportunity account;Succession[identify, create] | | |;Binary;set();set();Precedence;identify;create;2;{1} occurs if and only if it is followed by {2};0.16170203685760498;0.7198803176482518;0.0;{'opportunity account': 0.6366896033287048};0.6366896033287048;699e1164-338b-4c36-98dd-b25847ef43d9_Object_opportunity account;0.5731417816996502;[];[]
Object;partner;Succession[request, create] | | |;Binary;{'d0956589faf341dcb0edfd6adb6004c3', '36540d99cf5b4bbea96a25ec875162fe'};set();Precedence;request;create;4;{1} occurs if and only if it is followed by {2};0.6575376703625634;0.8692700367287866;0.0;{'partner': 0.8271651268005371};0.8271651268005371;09af01fe-4662-46b3-9eea-5f836e4b4afd_Object_partner;0.7446908915281152;[];[]
Object;partner;Alternate Succession[request, create] | | |;Binary;{'d0956589faf341dcb0edfd6adb6004c3', '36540d99cf5b4bbea96a25ec875162fe'};set();Alternate Precedence;request;create;4;{1} and {2} occur if and only if the latter follows the former, and they alternate in a process instance;0.6457447871565819;0.7774325623260145;0.0;{'partner': 0.8271651268005371};0.8271651268005371;cf077c5c-5d7a-4764-8033-ba09e36d7069_Object_partner;0.7446908915281152;[];[]
Object;partner;Alternate Succession[create, request] | | |;Binary;{'d0956589faf341dcb0edfd6adb6004c3', '36540d99cf5b4bbea96a25ec875162fe'};set();Alternate Response;create;request;4;{1} and {2} occur if and only if the latter follows the former, and they alternate in a process instance;0.7030648797750473;0.7102733565760511;0.0;{'partner': 0.8271651268005371};0.8271651268005371;84fbbfab-3bc0-4827-b6d2-2be3aa69a829_Object_partner;0.7446908915281152;[];[]
Object;lead;Succession[create, qualify] | | |;Binary;set();set();Response;create;qualify;2;{1} occurs if and only if it is followed by {2};0.6871961454550426;0.8018977803488573;0.0;{'lead': 1.0000001192092896};1.0000001192092896;aa3128a1-281d-477e-a76a-b3e4f449feda_Object_lead;0.9001212459921766;[];[]
Object;opportunity lead source;Succession[create, qualify] | | |;Binary;set();set();Response;create;qualify;2;{1} occurs if and only if it is followed by {2};0.6871961454550426;0.8018977803488573;0.0;{'opportunity lead source': 0.5894258618354797};0.5894258618354797;aa3128a1-281d-477e-a76a-b3e4f449feda_Object_opportunity lead source;0.5306044143557477;[];[]
Object;lead;Co-Existence[create, qualify] | | |;Binary;set();set();Responded Existence;create;qualify;2;if {1} occurs, then {2} occurs as well, and vice versa;0.7663842886686325;0.8815131342659394;0.0;{'lead': 1.0000001192092896};1.0000001192092896;818e2f22-5d57-430a-889a-077299396883_Object_lead;0.9001212459921766;[];[]
Object;opportunity lead source;Co-Existence[create, qualify] | | |;Binary;set();set();Responded Existence;create;qualify;2;if {1} occurs, then {2} occurs as well, and vice versa;0.7663842886686325;0.8815131342659394;0.0;{'opportunity lead source': 0.5894258618354797};0.5894258618354797;818e2f22-5d57-430a-889a-077299396883_Object_opportunity lead source;0.5306044143557477;[];[]
Object;opportunity;Succession[create, close] | | |;Binary;set();set();Response;create;close;2;{1} occurs if and only if it is followed by {2};0.7206203602254391;0.8659534907589356;0.0;{'opportunity': 1.0};1.0;e590395b-1f14-4e3b-8387-ac2c4533ce68_Object_opportunity;0.9001211387038159;[];[]
Object;opportunity industry;Succession[create, close] | | |;Binary;set();set();Response;create;close;2;{1} occurs if and only if it is followed by {2};0.7206203602254391;0.8659534907589356;0.0;{'opportunity industry': 0.798933744430542};0.798933744430542;e590395b-1f14-4e3b-8387-ac2c4533ce68_Object_opportunity industry;0.7191615086913037;[];[]
Object;opportunity next step;Succession[create, close] | | |;Binary;set();set();Response;create;close;2;{1} occurs if and only if it is followed by {2};0.7206203602254391;0.8659534907589356;0.0;{'opportunity next step': 0.6664014458656311};0.6664014458656311;e590395b-1f14-4e3b-8387-ac2c4533ce68_Object_opportunity next step;0.5998824399828839;[];[]
Object;opportunity amount;Succession[create, close] | | |;Binary;set();set();Response;create;close;2;{1} occurs if and only if it is followed by {2};0.7206203602254391;0.8659534907589356;0.0;{'opportunity amount': 0.7280932068824768};0.7280932068824768;e590395b-1f14-4e3b-8387-ac2c4533ce68_Object_opportunity amount;0.6554050248980451;[];[]
Object;opportunity stage;Succession[create, close] | | |;Binary;set();set();Response;create;close;2;{1} occurs if and only if it is followed by {2};0.7206203602254391;0.8659534907589356;0.0;{'opportunity stage': 0.7367780208587646};0.7367780208587646;e590395b-1f14-4e3b-8387-ac2c4533ce68_Object_opportunity stage;0.6632213574767041;[];[]
Object;opportunity owner;Succession[create, close] | | |;Binary;set();set();Response;create;close;2;{1} occurs if and only if it is followed by {2};0.7206203602254391;0.8659534907589356;0.0;{'opportunity owner': 0.6668596863746643};0.6668596863746643;e590395b-1f14-4e3b-8387-ac2c4533ce68_Object_opportunity owner;0.6002948564410138;[];[]
Object;opportunity account;Succession[create, close] | | |;Binary;set();set();Response;create;close;2;{1} occurs if and only if it is followed by {2};0.7206203602254391;0.8659534907589356;0.0;{'opportunity account': 0.6366896033287048};0.6366896033287048;e590395b-1f14-4e3b-8387-ac2c4533ce68_Object_opportunity account;0.5731417816996502;[];[]
Object;opportunity;Alternate Succession[create, close] | | |;Binary;set();set();Alternate Response;create;close;2;{1} and {2} occur if and only if the latter follows the former, and they alternate in a process instance;0.7195891166726749;0.8945554131641984;0.0;{'opportunity': 1.0};1.0;6d13aa56-1820-4f39-a53b-68631cadfba6_Object_opportunity;0.9001211387038159;[];[]
Object;opportunity industry;Alternate Succession[create, close] | | |;Binary;set();set();Alternate Response;create;close;2;{1} and {2} occur if and only if the latter follows the former, and they alternate in a process instance;0.7195891166726749;0.8945554131641984;0.0;{'opportunity industry': 0.798933744430542};0.798933744430542;6d13aa56-1820-4f39-a53b-68631cadfba6_Object_opportunity industry;0.7191615086913037;[];[]
Object;opportunity next step;Alternate Succession[create, close] | | |;Binary;set();set();Alternate Response;create;close;2;{1} and {2} occur if and only if the latter follows the former, and they alternate in a process instance;0.7195891166726749;0.8945554131641984;0.0;{'opportunity next step': 0.6664014458656311};0.6664014458656311;6d13aa56-1820-4f39-a53b-68631cadfba6_Object_opportunity next step;0.5998824399828839;[];[]
Object;opportunity amount;Alternate Succession[create, close] | | |;Binary;set();set();Alternate Response;create;close;2;{1} and {2} occur if and only if the latter follows the former, and they alternate in a process instance;0.7195891166726749;0.8945554131641984;0.0;{'opportunity amount': 0.7280932068824768};0.7280932068824768;6d13aa56-1820-4f39-a53b-68631cadfba6_Object_opportunity amount;0.6554050248980451;[];[]
Object;opportunity stage;Alternate Succession[create, close] | | |;Binary;set();set();Alternate Response;create;close;2;{1} and {2} occur if and only if the latter follows the former, and they alternate in a process instance;0.7195891166726749;0.8945554131641984;0.0;{'opportunity stage': 0.7367780208587646};0.7367780208587646;6d13aa56-1820-4f39-a53b-68631cadfba6_Object_opportunity stage;0.6632213574767041;[];[]
Object;opportunity owner;Alternate Succession[create, close] | | |;Binary;set();set();Alternate Response;create;close;2;{1} and {2} occur if and only if the latter follows the former, and they alternate in a process instance;0.7195891166726749;0.8945554131641984;0.0;{'opportunity owner': 0.6668596863746643};0.6668596863746643;6d13aa56-1820-4f39-a53b-68631cadfba6_Object_opportunity owner;0.6002948564410138;[];[]
Object;opportunity account;Alternate Succession[create, close] | | |;Binary;set();set();Alternate Response;create;close;2;{1} and {2} occur if and only if the latter follows the former, and they alternate in a process instance;0.7195891166726749;0.8945554131641984;0.0;{'opportunity account': 0.6366896033287048};0.6366896033287048;6d13aa56-1820-4f39-a53b-68631cadfba6_Object_opportunity account;0.5731417816996502;[];[]
Object;opportunity;Co-Existence[create, qualify] | | |;Binary;set();set();Responded Existence;create;qualify;2;if {1} occurs, then {2} occurs as well, and vice versa;0.7589565912882487;0.8098745277772347;0.0;{'opportunity': 1.0};1.0;d878ad0a-0b1a-4dea-9b13-ff118ef348be_Object_opportunity;0.9001211387038159;[];[]
Object;opportunity industry;Co-Existence[create, qualify] | | |;Binary;set();set();Responded Existence;create;qualify;2;if {1} occurs, then {2} occurs as well, and vice versa;0.7589565912882487;0.8098745277772347;0.0;{'opportunity industry': 0.798933744430542};0.798933744430542;d878ad0a-0b1a-4dea-9b13-ff118ef348be_Object_opportunity industry;0.7191615086913037;[];[]
Object;opportunity next step;Co-Existence[create, qualify] | | |;Binary;set();set();Responded Existence;create;qualify;2;if {1} occurs, then {2} occurs as well, and vice versa;0.7589565912882487;0.8098745277772347;0.0;{'opportunity next step': 0.6664014458656311};0.6664014458656311;d878ad0a-0b1a-4dea-9b13-ff118ef348be_Object_opportunity next step;0.5998824399828839;[];[]
Object;opportunity amount;Co-Existence[create, qualify] | | |;Binary;set();set();Responded Existence;create;qualify;2;if {1} occurs, then {2} occurs as well, and vice versa;0.7589565912882487;0.8098745277772347;0.0;{'opportunity amount': 0.7280932068824768};0.7280932068824768;d878ad0a-0b1a-4dea-9b13-ff118ef348be_Object_opportunity amount;0.6554050248980451;[];[]
Object;opportunity stage;Co-Existence[create, qualify] | | |;Binary;set();set();Responded Existence;create;qualify;2;if {1} occurs, then {2} occurs as well, and vice versa;0.7589565912882487;0.8098745277772347;0.0;{'opportunity stage': 0.7367780208587646};0.7367780208587646;d878ad0a-0b1a-4dea-9b13-ff118ef348be_Object_opportunity stage;0.6632213574767041;[];[]
Object;opportunity owner;Co-Existence[create, qualify] | | |;Binary;set();set();Responded Existence;create;qualify;2;if {1} occurs, then {2} occurs as well, and vice versa;0.7589565912882487;0.8098745277772347;0.0;{'opportunity owner': 0.6668596863746643};0.6668596863746643;d878ad0a-0b1a-4dea-9b13-ff118ef348be_Object_opportunity owner;0.6002948564410138;[];[]
Object;opportunity account;Co-Existence[create, qualify] | | |;Binary;set();set();Responded Existence;create;qualify;2;if {1} occurs, then {2} occurs as well, and vice versa;0.7589565912882487;0.8098745277772347;0.0;{'opportunity account': 0.6366896033287048};0.6366896033287048;d878ad0a-0b1a-4dea-9b13-ff118ef348be_Object_opportunity account;0.5731417816996502;[];[]
Object;opportunity;Succession[create, qualify] | | |;Binary;set();set();Response;create;qualify;2;{1} occurs if and only if it is followed by {2};0.7086870024601619;0.869402672474583;0.0;{'opportunity': 1.0};1.0;26b5abd5-5bd7-4fd9-b578-de8762ce07fd_Object_opportunity;0.9001211387038159;[];[]
Object;opportunity industry;Succession[create, qualify] | | |;Binary;set();set();Response;create;qualify;2;{1} occurs if and only if it is followed by {2};0.7086870024601619;0.869402672474583;0.0;{'opportunity industry': 0.798933744430542};0.798933744430542;26b5abd5-5bd7-4fd9-b578-de8762ce07fd_Object_opportunity industry;0.7191615086913037;[];[]
Object;opportunity next step;Succession[create, qualify] | | |;Binary;set();set();Response;create;qualify;2;{1} occurs if and only if it is followed by {2};0.7086870024601619;0.869402672474583;0.0;{'opportunity next step': 0.6664014458656311};0.6664014458656311;26b5abd5-5bd7-4fd9-b578-de8762ce07fd_Object_opportunity next step;0.5998824399828839;[];[]
Object;opportunity amount;Succession[create, qualify] | | |;Binary;set();set();Response;create;qualify;2;{1} occurs if and only if it is followed by {2};0.7086870024601619;0.869402672474583;0.0;{'opportunity amount': 0.7280932068824768};0.7280932068824768;26b5abd5-5bd7-4fd9-b578-de8762ce07fd_Object_opportunity amount;0.6554050248980451;[];[]
Object;opportunity stage;Succession[create, qualify] | | |;Binary;set();set();Response;create;qualify;2;{1} occurs if and only if it is followed by {2};0.7086870024601619;0.869402672474583;0.0;{'opportunity stage': 0.7367780208587646};0.7367780208587646;26b5abd5-5bd7-4fd9-b578-de8762ce07fd_Object_opportunity stage;0.6632213574767041;[];[]
Object;opportunity owner;Succession[create, qualify] | | |;Binary;set();set();Response;create;qualify;2;{1} occurs if and only if it is followed by {2};0.7086870024601619;0.869402672474583;0.0;{'opportunity owner': 0.6668596863746643};0.6668596863746643;26b5abd5-5bd7-4fd9-b578-de8762ce07fd_Object_opportunity owner;0.6002948564410138;[];[]
Object;opportunity account;Succession[create, qualify] | | |;Binary;set();set();Response;create;qualify;2;{1} occurs if and only if it is followed by {2};0.7086870024601619;0.869402672474583;0.0;{'opportunity account': 0.6366896033287048};0.6366896033287048;26b5abd5-5bd7-4fd9-b578-de8762ce07fd_Object_opportunity account;0.5731417816996502;[];[]
Object;status;Co-Existence[create, monitor] | | |;Binary;{'7c049883218a4aff8fccf7e2165ce65c', '544f1a7074684bf2b3a370786a80b21c'};set();Responded Existence;create;monitor;3;if {1} occurs, then {2} occurs as well, and vice versa;0.7897093152006467;0.8676986136163274;0.0;{'status': 0.5567541718482971};0.5567541718482971;7e12a492-9751-4f52-bb4e-4dcadc8fc2ac_Object_status;0.5012604627191912;[];[]
Object;activity logged task;Co-Existence[create, submit] | | |;Binary;{'7d0536b5d7b049fbb77b278e2ac1c829', '6ebf798d26c54246bf796d8dae1f8a33'};set();Responded Existence;create;submit;5;if {1} occurs, then {2} occurs as well, and vice versa;0.7932517280828001;0.8695349651078383;0.0;{'activity logged task': 0.5622063279151917};0.5622063279151917;a81d58ec-2f91-4feb-8f58-d9a746d821e2_Object_activity logged task;0.5062885418832122;[];[]
Object;activity;Co-Existence[create, submit] | | |;Binary;{'7d0536b5d7b049fbb77b278e2ac1c829', '6ebf798d26c54246bf796d8dae1f8a33'};set();Responded Existence;create;submit;5;if {1} occurs, then {2} occurs as well, and vice versa;0.7932517280828001;0.8695349651078383;0.0;{'activity': 0.6101348400115967};0.6101348400115967;a81d58ec-2f91-4feb-8f58-d9a746d821e2_Object_activity;0.5494242027699766;[];[]
Object;activity logged task questionnaire;Co-Existence[create, submit] | | |;Binary;{'7d0536b5d7b049fbb77b278e2ac1c829', '6ebf798d26c54246bf796d8dae1f8a33'};set();Responded Existence;create;submit;5;if {1} occurs, then {2} occurs as well, and vice versa;0.7932517280828001;0.8695349651078383;0.0;{'activity logged task questionnaire': 0.5565252304077148};0.5565252304077148;a81d58ec-2f91-4feb-8f58-d9a746d821e2_Object_activity logged task questionnaire;0.501175554126483;[];[]
Object;activity logged task;Co-Existence[create, monitor] | | |;Binary;{'fda23e4b9cef4b77b2a5ad6568de5348', '6ebf798d26c54246bf796d8dae1f8a33'};set();Responded Existence;create;monitor;3;if {1} occurs, then {2} occurs as well, and vice versa;0.6835894231994947;0.8479804944247007;0.0;{'activity logged task': 0.5622063279151917};0.5622063279151917;74c89924-0928-4b14-abd6-8ad01579e5f3_Object_activity logged task;0.5061674031793963;[];[]
Object;activity;Co-Existence[create, monitor] | | |;Binary;{'fda23e4b9cef4b77b2a5ad6568de5348', '6ebf798d26c54246bf796d8dae1f8a33'};set();Responded Existence;create;monitor;3;if {1} occurs, then {2} occurs as well, and vice versa;0.6835894231994947;0.8479804944247007;0.0;{'activity': 0.6101348400115967};0.6101348400115967;74c89924-0928-4b14-abd6-8ad01579e5f3_Object_activity;0.5493030640661608;[];[]
Object;activity logged task questionnaire;Co-Existence[create, monitor] | | |;Binary;{'fda23e4b9cef4b77b2a5ad6568de5348', '6ebf798d26c54246bf796d8dae1f8a33'};set();Responded Existence;create;monitor;3;if {1} occurs, then {2} occurs as well, and vice versa;0.6835894231994947;0.8479804944247007;0.0;{'activity logged task questionnaire': 0.5565252304077148};0.5565252304077148;74c89924-0928-4b14-abd6-8ad01579e5f3_Object_activity logged task questionnaire;0.5010544154226672;[];[]
Object;opportunity account;Co-Existence[change, update] | | |;Binary;{'3c6bef1b9c444c9dabe6b8efab4e9b6a'};set();Responded Existence;change;update;4;if {1} occurs, then {2} occurs as well, and vice versa;0.7031938935630023;0.8021764907586788;0.0;{'opportunity account': 0.624484658241272};0.624484658241272;b3dded8c-c61c-4a3d-9604-940bb6b6ee0c_Object_opportunity account;0.5622784698247765;[];[]
Object;quote;Co-Existence[create, submit] | | |;Binary;set();set();Responded Existence;create;submit;5;if {1} occurs, then {2} occurs as well, and vice versa;0.772935590085884;0.8269187834631238;0.0;{'quote': 1.0};1.0;c81bf511-fd66-4933-81e1-277522112aad_Object_quote;0.9003028467595396;[];[]